,A,B,C,D,E,target
0,854,174,422,81,297,763150
1,359,416,102,38,921,131925
2,193,960,715,597,464,462184
3,92,257,693,448,649,318414
4,143,318,767,476,573,384905
5,653,796,996,72,461,496529
6,687,961,328,82,16,496943
7,974,434,549,21,875,959337
8,271,246,846,151,739,200695
9,907,145,128,728,341,915543
10,650,423,509,862,291,860412
11,266,587,163,135,825,91587
12,71,816,814,647,215,530067
13,271,472,845,153,578,201782
14,70,920,816,31,147,28356
15,21,833,392,916,760,357847
16,837,544,89,243,7,721108
17,728,54,838,110,500,622056
18,731,861,321,360,15,648199
19,7,22,725,834,341,604655
20,706,248,607,114,899,567138
21,586,344,472,544,536,599476
22,220,219,479,538,698,305664
23,750,680,764,687,861,1086008
24,879,783,150,821,718,894225
25,150,102,118,724,53,107728
26,134,904,881,514,203,468982
27,15,984,541,517,933,277954
28,210,237,610,672,746,453546
29,966,769,366,858,414,1245646
30,200,788,967,267,74,296613
31,287,873,659,733,304,563670
32,270,866,590,807,981,547298
33,591,493,590,804,894,822655
34,957,346,903,229,303,1121944
35,582,856,303,959,50,627589
36,18,180,394,186,92,73248
37,503,139,748,246,771,436739
38,222,511,950,722,380,734162
39,482,777,342,121,310,272152
40,702,568,444,514,688,719884
41,287,630,57,731,807,122776
42,160,856,371,372,94,161900
43,280,699,713,646,399,537600
44,138,474,898,195,14,193206
45,338,499,216,304,298,178910
46,129,534,508,588,154,314277
47,795,225,316,503,226,790523
48,232,20,877,948,627,885180
49,92,573,689,750,817,524068
50,418,61,314,554,295,348558
51,882,70,256,453,985,893752
52,497,120,419,79,33,279870
53,951,550,987,525,466,1421476
54,379,132,967,597,226,720676
55,841,153,727,48,655,741871
56,774,863,85,183,849,612905
57,127,434,8,951,694,22869
58,166,454,520,550,393,312648
59,33,26,874,203,741,178459
60,78,88,903,739,435,673225
61,894,329,148,412,80,859554
62,345,512,744,791,901,706505
63,178,798,154,904,436,169304
64,897,961,713,763,505,1346706
65,575,515,779,214,16,496301
66,375,727,443,321,885,281374
67,333,778,33,745,521,133918
68,304,864,465,804,561,464548
69,514,283,219,261,918,320789
70,328,717,745,138,637,208960
71,72,846,85,688,695,61972
72,959,466,490,583,757,1204419
73,420,122,309,16,182,181100
74,230,507,99,474,910,98812
75,757,429,80,745,468,631791
76,782,747,292,735,335,824650
77,75,408,60,551,330,37869
78,943,23,810,179,726,1034193
79,149,115,43,256,27,32979
80,699,334,369,434,163,648079
81,564,305,151,261,75,356897
82,817,103,511,977,788,1166530
83,692,833,342,255,747,564408
84,670,173,935,290,127,719704
85,104,394,207,935,954,203573
86,213,437,631,765,546,527210
87,83,166,55,623,862,40822
88,847,246,604,100,441,777317
89,165,848,612,773,206,498605
90,127,350,89,871,643,92948
91,986,560,805,224,734,1151396
92,857,867,679,472,100,1053203
93,384,952,37,76,593,148364
94,505,696,101,605,4,314738
95,948,175,816,599,439,1387138
96,63,910,98,465,954,47719
97,448,421,393,623,815,444701
98,796,133,812,928,133,1386886
99,593,473,417,290,131,471633
100,347,36,941,69,466,185266
101,967,421,554,73,893,974689
102,494,101,851,942,582,1045476
103,60,541,461,961,854,445539
104,771,943,992,979,461,1563723
105,756,359,806,109,255,658672
106,960,872,885,232,546,1125176
107,909,226,984,989,411,1799005
108,722,757,363,568,243,725954
109,555,315,363,635,384,537900
110,658,666,320,420,371,566032
111,58,177,450,711,490,322960
112,487,724,862,633,273,781367
113,42,567,473,146,858,69688
114,879,686,677,93,254,834230
115,635,899,495,470,627,634077
116,805,366,987,227,917,871342
117,12,988,125,73,915,7293
118,732,297,236,842,681,733942
119,220,608,692,533,248,416020
120,908,565,393,576,385,1049702
121,442,55,276,234,875,259838
122,755,99,977,926,899,1474529
123,115,440,275,302,389,95395
124,849,595,940,245,228,949911
125,981,874,424,30,322,973333
126,756,378,971,731,338,1280581
127,583,224,297,812,963,580605
128,150,631,233,46,266,31956
129,240,360,291,723,395,267273
130,870,612,199,555,535,866121
131,833,299,715,538,109,1077961
132,37,218,503,135,921,68838
133,135,224,388,958,356,389481
134,687,482,521,807,809,891452
135,67,0,485,546,335,269299
136,942,679,118,233,721,913500
137,847,954,206,965,918,914291
138,401,39,112,971,857,269475
139,586,637,997,638,150,978208
140,293,825,585,136,596,163759
141,682,833,86,508,616,507146
142,542,740,847,961,216,1106251
143,945,890,897,893,173,1692266
144,542,308,774,486,479,669312
145,994,860,621,679,436,1407975
146,627,72,576,955,824,943065
147,192,912,71,438,990,66138
148,877,271,970,11,284,779257
149,762,327,788,278,670,799054
150,208,827,30,965,540,70560
151,165,823,479,218,594,130001
152,831,68,134,973,339,820807
153,853,292,196,524,484,829729
154,317,618,299,714,982,312739
155,504,914,683,273,317,438647
156,479,345,269,728,58,424583
157,417,630,915,181,244,338244
158,491,963,705,332,933,473215
159,891,939,265,896,133,1029443
160,162,931,996,318,900,341110
161,814,477,216,819,814,838546
162,607,849,336,168,50,423199
163,761,948,120,932,689,689065
164,898,269,567,978,630,1360392
165,696,518,570,176,807,583700
166,924,680,844,717,582,1457564
167,805,431,623,148,889,739367
168,936,560,598,346,641,1081884
169,309,740,337,331,330,205548
170,605,273,290,914,938,630539
171,818,67,449,956,973,1098234
172,572,611,933,524,926,814854
173,21,661,48,7,696,-545
174,854,60,748,14,893,739668
175,195,564,202,236,134,84569
176,461,888,744,957,571,922753
177,521,208,351,884,49,581309
178,267,251,705,268,551,259727
179,332,559,781,512,69,508978
180,340,402,707,277,208,310635
181,732,973,857,198,223,703564
182,778,46,283,518,89,751786
183,905,845,551,317,123,992002
184,398,606,942,310,782,449212
185,731,84,256,990,102,787633
186,604,10,41,117,723,369593
187,168,562,635,445,16,309675
188,921,218,411,112,994,893837
189,117,938,648,875,35,578813
190,604,23,660,459,371,667710
191,578,180,314,375,50,451474
192,131,297,744,796,176,608791
193,97,858,998,197,622,204299
194,712,60,766,398,426,811692
195,410,494,759,848,229,810744
196,922,132,614,740,839,1304180
197,713,619,141,33,294,511784
198,103,232,972,962,549,945209
199,355,535,191,37,12,132022
200,325,274,684,545,189,477857
201,612,459,134,583,137,451748
202,661,382,778,187,144,581643
203,848,11,727,459,650,1052775
204,979,826,942,33,860,987875
205,242,563,500,188,29,151438
206,349,329,708,273,14,314427
207,931,708,968,143,400,1003769
208,540,336,95,969,52,382983
209,234,197,883,297,727,316613
210,203,137,809,346,651,320849
211,781,761,139,318,857,652641
212,846,318,958,191,285,898058
213,630,550,940,325,897,701300
214,182,407,9,709,526,38691
215,394,641,687,442,623,457608
216,182,964,685,697,694,508641
217,783,714,692,182,242,737605
218,455,808,159,14,4,207635
219,691,491,704,188,585,608851
220,433,388,479,879,662,607754
221,186,329,747,767,922,606887
222,346,942,894,835,740,864322
223,483,978,390,159,690,293343
224,339,576,506,10,758,118829
225,30,910,263,579,403,151357
226,236,405,665,626,27,471176
227,997,173,746,442,538,1323395
228,126,673,851,528,307,463858
229,845,490,500,451,448,938545
230,631,59,127,546,805,467385
231,774,898,63,488,707,628024
232,107,13,605,85,160,62848
233,796,516,8,43,639,632928
234,292,634,138,149,138,104558
235,747,233,581,566,414,886389
236,16,686,163,98,548,14858
237,905,804,755,261,495,1014472
238,574,276,944,433,821,737676
239,414,411,892,731,402,822626
240,381,953,518,793,547,554029
241,270,520,552,922,999,580804
242,42,648,655,691,337,453073
243,115,383,615,935,558,587484
244,887,800,617,348,718,999885
245,334,278,720,338,75,354360
246,463,872,16,454,123,219889
247,522,919,315,831,418,532411
248,457,937,107,722,650,284229
249,216,98,740,250,823,231460
250,401,936,463,974,287,609891
251,623,891,503,892,588,835023
252,978,86,185,14,310,958902
253,887,56,316,148,650,833425
254,364,897,684,81,101,186106
255,823,341,228,87,542,696483
256,661,316,473,732,187,782525
257,430,134,71,296,482,205648
258,193,173,332,905,185,337363
259,423,699,506,888,44,626859
260,57,479,888,598,166,533315
261,562,18,363,241,674,403291
262,579,825,467,94,991,377489
263,368,733,944,930,317,1011878
264,307,643,846,209,939,269777
265,197,444,686,927,965,673843
266,12,247,153,823,80,125569
267,222,569,172,382,566,113850
268,23,925,475,84,723,38579
269,960,323,67,715,471,968859
270,405,869,840,365,342,468887
271,624,692,153,443,986,455771
272,854,90,575,214,375,852186
273,438,551,865,949,719,1011627
274,536,263,470,480,546,512370
275,276,279,286,776,505,297554
276,37,658,627,18,757,11339
277,599,306,485,937,734,812634
278,599,200,405,338,507,495291
279,107,811,295,485,754,152902
280,985,43,43,747,159,1002260
281,563,256,695,178,162,440167
282,537,201,530,509,63,557737
283,7,461,239,303,739,71544
284,919,413,147,310,389,889305
285,561,543,113,187,947,334766
286,480,840,484,939,799,683196
287,765,722,414,516,788,797405
288,514,989,583,215,667,387563
289,801,54,948,817,995,1416009
290,319,863,359,563,485,302152
291,393,150,164,713,901,271081
292,106,668,588,328,954,202764
293,630,610,583,127,961,469721
294,561,193,512,113,536,372191
295,736,383,640,847,89,1083010
296,15,800,889,40,275,34185
297,860,966,163,340,291,793088
298,412,58,969,213,962,376025
299,23,170,981,721,806,707490
300,263,849,249,987,418,313234
301,109,343,163,199,338,43632
302,18,852,875,344,200,299620
303,237,447,504,296,35,204459
304,106,730,930,494,301,469196
305,914,867,35,132,690,838282
306,875,892,291,902,491,1026323
307,846,729,728,233,466,883882
308,395,876,958,44,586,196425
309,491,394,440,712,935,553573
310,124,899,685,194,213,146468
311,645,144,427,782,788,749651
312,70,740,67,481,720,35647
313,591,238,593,220,203,479265
314,956,617,418,22,100,921898
315,115,886,732,723,778,540689
316,995,618,406,605,825,1234419
317,913,714,223,653,73,977760
318,473,620,119,677,676,303052
319,239,84,372,793,196,351949
320,956,345,502,920,523,1375086
321,620,736,649,52,62,416676
322,448,823,722,816,842,788210
323,173,183,499,298,806,178265
324,535,708,919,543,592,783826
325,311,784,995,644,487,735933
326,108,778,843,949,713,810115
327,666,579,134,369,259,491844
328,303,316,744,674,2,592633
329,502,892,477,442,572,461054
330,923,245,584,965,716,1414999
331,197,17,410,429,940,214665
332,96,416,780,143,772,119924
333,526,744,944,43,878,315780
334,842,387,870,820,897,1421590
335,8,928,86,790,149,66148
336,433,934,635,334,522,397711
337,13,689,186,586,611,107787
338,463,642,128,842,422,320861
339,482,931,19,437,151,238765
340,355,225,613,351,45,340738
341,460,562,568,557,432,526852
342,609,608,173,516,357,458933
343,298,518,959,872,755,924016
344,697,29,341,481,146,649772
345,633,809,900,222,167,598871
346,916,965,319,200,413,900926
347,856,265,614,55,670,765976
348,89,950,417,912,325,386325
349,707,826,98,793,232,575911
350,360,778,578,278,755,288728
351,81,509,83,535,575,49948
352,103,542,353,407,398,153196
353,607,552,614,528,487,691537
354,191,780,185,814,121,185511
355,708,782,837,711,590,1094807
356,212,262,584,256,863,193924
357,800,587,988,271,555,906574
358,196,252,874,157,755,175130
359,252,655,60,348,637,83074
360,518,128,253,169,506,310825
361,245,354,694,401,952,337611
362,630,8,107,385,590,438079
363,729,321,654,936,449,1142943
364,359,34,255,849,324,345308
365,669,660,702,285,801,646311
366,973,711,807,85,707,1013902
367,381,751,596,678,792,547747
368,62,381,922,558,745,517558
369,724,988,881,88,220,599728
370,134,794,580,166,788,112648
371,121,62,683,452,816,323233
372,353,543,487,560,234,396243
373,229,688,718,300,929,266465
374,442,772,209,630,961,325490
375,61,783,193,149,72,30912
376,829,201,124,723,184,776491
377,447,36,727,312,495,426561
378,798,506,283,743,6,846061
379,950,617,746,219,276,1064640
380,688,532,974,196,166,663184
381,610,714,267,987,921,634201
382,347,764,81,12,586,119853
383,726,528,455,861,533,917775
384,96,608,79,200,556,23800
385,442,952,901,411,242,563771
386,984,934,503,924,289,1431160
387,949,674,201,84,963,916137
388,452,964,670,846,345,769196
389,142,815,858,866,790,761562
390,352,449,734,614,183,573682
391,227,349,340,959,222,376891
392,539,75,22,137,25,293385
393,844,816,387,236,82,802036
394,849,363,509,310,286,877865
395,97,920,183,438,768,87723
396,548,449,750,570,600,726906
397,876,228,626,663,514,1181958
398,117,881,512,333,891,182423
399,979,245,967,334,30,1280929
400,393,870,733,813,504,748638
401,533,527,470,580,470,555635
402,584,56,820,930,791,1103544
403,907,119,609,245,753,971616
404,88,699,101,743,92,81389
405,768,300,741,716,674,1119780
406,517,211,583,457,284,533298
407,585,44,215,383,22,424482
408,121,281,449,701,844,328828
409,910,460,116,45,357,832400
410,814,396,971,217,491,872511
411,204,161,25,339,926,49769
412,551,429,571,298,649,472901
413,888,426,671,723,144,1272825
414,101,619,455,390,188,186413
415,707,632,633,938,455,1092339
416,903,301,544,630,53,1157527
417,291,320,611,725,54,527016
418,65,16,548,990,862,546713
419,148,109,873,427,250,394457
420,992,721,849,363,297,1290809
421,236,139,461,206,849,150384
422,119,636,500,90,659,57889
423,571,914,358,745,832,590923
424,953,767,522,651,285,1246497
425,253,839,867,512,634,506235
426,546,278,727,511,623,669057
427,474,697,417,577,192,463891
428,650,309,179,728,260,552194
429,347,331,101,410,105,161157
430,682,332,698,276,254,657108
431,58,361,593,249,126,150299
432,962,960,682,106,674,995816
433,872,972,33,445,659,773125
434,158,853,855,602,148,537968
435,811,294,651,810,631,1184443
436,157,705,559,555,392,333484
437,899,947,529,307,767,968710
438,53,406,162,620,287,102437
439,969,390,143,208,443,967925
440,863,702,67,907,297,804134
441,868,382,156,245,473,790880
442,33,64,442,153,701,68587
443,499,283,388,370,779,391995
444,719,568,363,882,923,835991
445,1,815,190,193,352,35041
446,203,674,493,726,886,397779
447,371,204,283,276,834,215341
448,226,408,656,362,867,287732
449,984,735,296,19,591,972410
450,630,399,808,346,284,675670
451,920,619,20,781,26,860782
452,625,425,167,436,97,462587
453,829,346,701,678,886,1161827
454,224,523,759,703,967,582707
455,972,139,849,30,635,969976
456,83,688,452,715,739,328693
457,383,456,226,718,239,308045
458,130,482,841,976,697,836752
459,289,784,986,698,611,770181
460,877,820,945,141,938,900734
461,947,545,821,114,363,989313
462,697,912,811,113,227,575628
463,778,701,76,787,225,663694
464,971,624,631,248,640,1098081
465,414,755,531,434,844,400340
466,281,99,619,793,945,569630
467,318,859,805,179,490,243501
468,22,891,773,943,116,727641
469,234,17,460,851,753,446182
470,158,423,201,718,798,168436
471,599,430,949,701,755,1023190
472,352,841,172,253,637,165738
473,330,950,523,96,910,157208
474,240,782,390,965,54,432386
475,224,876,468,198,480,141088
476,431,514,961,610,160,770943
477,499,679,590,499,616,542053
478,442,293,624,403,547,446250
479,317,786,104,923,991,194909
480,228,518,423,596,271,303056
481,542,580,773,371,426,579387
482,389,195,121,500,174,211431
483,560,315,562,900,180,818770
484,598,246,254,256,154,422136
485,898,922,838,55,721,850650
486,258,415,335,873,684,358189
487,406,399,183,869,318,323065
488,172,205,694,515,991,386584
489,842,992,996,20,684,726900
490,138,43,852,627,140,553162
491,542,144,310,160,294,343076
492,881,420,51,281,348,789652
493,32,43,743,589,352,438565
494,22,611,646,450,200,289962
495,788,182,31,236,891,627896
496,108,365,457,67,410,41553
497,534,227,49,88,438,289014
498,887,880,381,136,980,836825
499,396,3,523,93,338,205449
500,277,36,279,71,656,96466
501,507,559,974,114,230,366967
502,746,56,187,589,546,666547
503,731,916,135,242,562,565199
504,171,716,520,447,913,260249
505,694,636,556,520,61,769484
506,755,384,754,169,406,696683
507,640,448,336,347,974,525296
508,950,887,190,100,330,919726
509,236,437,192,135,607,80742
510,942,206,601,710,65,1313662
511,961,808,470,312,9,1068545
512,60,624,372,686,855,257544
513,595,528,165,634,68,457579
514,733,534,148,426,313,599269
515,865,243,494,116,705,805043
516,346,881,42,933,175,157140
517,703,504,418,793,705,824675
518,678,245,764,633,370,942806
519,480,812,419,136,903,285760
520,29,457,682,603,665,411173
521,511,246,673,276,691,446377
522,872,939,551,266,208,905072
523,929,181,317,668,938,1074435
524,683,790,801,988,344,1256297
525,231,452,914,38,88,87189
526,140,765,192,925,639,195670
527,812,305,582,737,990,1087668
528,221,981,612,295,532,227419
529,463,348,64,907,917,271721
530,107,882,32,178,898,15381
531,906,125,525,232,691,942386
532,890,862,168,621,636,894704
533,960,484,608,570,142,1267192
534,988,713,166,523,61,1061536
535,951,800,33,306,531,912899
536,886,76,785,494,910,1172634
537,617,199,599,964,504,957727
538,930,355,246,652,312,1024582
539,819,629,609,60,981,706043
540,656,369,46,840,546,468238
541,531,89,21,120,538,284303
542,34,355,278,104,413,29358
543,213,669,83,760,848,107111
544,610,950,829,55,963,415795
545,751,961,672,705,902,1035839
546,831,802,700,604,434,1111757
547,62,101,622,924,787,578370
548,38,374,384,280,469,108216
549,302,860,804,244,127,285660
550,244,219,827,370,68,365088
551,367,104,927,191,285,311538
552,357,298,574,807,915,590071
553,574,822,635,501,420,645967
554,205,430,930,200,486,227165
555,155,126,951,61,892,81784
556,972,752,249,323,785,1023707
557,110,380,842,180,510,162900
558,913,101,769,242,95,1019465
559,634,155,32,645,178,422286
560,40,803,28,460,580,12874
561,488,130,924,112,562,341372
562,140,580,958,832,725,815496
563,464,937,572,661,349,591514
564,770,952,658,759,836,1090418
565,381,758,363,224,723,224957
566,116,218,947,764,795,736528
567,239,735,36,716,583,81427
568,16,778,960,829,921,794540
569,166,353,900,991,400,918750
570,134,668,122,939,795,131178
571,312,51,616,359,609,318386
572,479,913,101,418,921,269833
573,563,179,168,837,21,457227
574,58,733,781,74,92,59692
575,802,390,319,139,923,686765
576,944,129,686,325,670,1113828
577,910,658,931,618,694,1402142
578,422,24,858,280,269,418276
579,437,243,360,411,671,338443
580,768,250,932,166,789,744036
581,548,438,197,138,113,326614
582,230,719,810,883,907,766692
583,881,162,658,872,571,1349613
584,673,361,727,552,178,853511
585,364,37,964,100,511,228822
586,168,524,877,233,621,231517
587,562,90,295,35,804,325989
588,557,4,369,472,50,484409
589,702,749,399,396,929,649310
590,528,239,849,414,338,629792
591,639,141,852,729,651,1029147
592,642,25,694,323,764,636276
593,997,903,926,244,466,1218147
594,647,725,133,809,518,524756
595,664,26,100,284,919,469244
596,219,798,808,438,878,400269
597,669,982,982,430,323,867857
598,833,704,652,546,716,1048473
599,215,633,251,749,435,232958
600,769,534,98,460,562,635373
601,850,428,879,289,755,975675
602,417,944,244,829,596,374277
603,606,239,707,744,186,892766
604,562,292,918,806,237,1055168
605,492,593,621,226,226,381224
606,926,198,396,43,113,874108
607,23,31,778,646,663,503055
608,452,366,510,373,800,393802
609,389,290,783,528,954,564165
610,948,380,809,875,859,1605819
611,588,53,224,592,304,478246
612,319,205,219,720,644,259031
613,559,997,275,612,591,478787
614,839,745,177,516,3,793763
615,686,58,951,918,667,1343498
616,868,261,13,633,16,761131
617,541,152,518,140,698,364897
618,516,929,344,918,715,580190
619,964,401,735,729,484,1464309
620,174,154,829,77,163,93801
621,525,857,418,196,319,355839
622,200,376,558,585,375,365678
623,648,728,390,384,277,568208
624,970,627,19,388,762,947018
625,81,317,710,641,236,461037
626,751,271,226,851,378,755785
627,560,429,73,69,657,317779
628,480,954,643,403,810,487621
629,175,618,51,950,261,77839
630,292,658,964,540,952,604508
631,934,790,750,343,776,1128026
632,476,766,593,817,149,709525
633,462,942,612,681,305,628332
634,286,230,222,29,719,87774
635,743,963,67,303,272,570424
636,595,874,929,793,816,1088974
637,594,213,111,287,869,384267
638,209,22,230,556,60,171517
639,789,591,682,692,747,1093283
640,373,783,265,501,918,270328
641,104,504,847,769,164,661151
642,358,139,451,692,436,439978
643,700,193,161,800,957,618414
644,421,922,743,986,811,907995
645,123,751,342,599,218,218485
646,537,226,887,360,381,607237
647,334,593,588,863,937,617814
648,125,135,584,282,720,180043
649,118,365,12,747,741,22158
650,727,666,96,33,217,530365
651,593,189,778,13,356,361385
652,807,15,237,868,133,856935
653,320,425,301,869,809,363119
654,391,856,333,250,852,234419
655,551,174,810,927,866,1054123
656,622,7,960,220,538,598070
657,518,391,781,384,534,567446
658,650,450,528,92,590,470176
659,866,227,987,31,121,780099
660,285,981,482,427,210,285077
661,374,66,614,478,988,433236
662,786,651,389,2,621,617272
663,468,720,760,88,315,284464
664,500,871,395,289,989,362413
665,846,156,859,888,206,1478196
666,984,12,919,965,471,1855067
667,751,763,115,991,263,676440
668,93,587,881,387,53,348422
669,317,789,751,354,612,364765
670,979,78,585,400,119,1192285
671,231,437,812,10,574,60607
672,186,581,11,654,644,40628
673,214,307,880,608,51,580222
674,308,189,527,846,10,540328
675,446,175,687,226,155,353828
676,510,428,358,964,54,604356
677,222,671,882,501,338,489824
678,153,583,772,505,879,412103
679,700,728,699,330,82,719214
680,233,930,644,37,302,76257
681,311,147,165,943,735,252022
682,903,325,955,83,93,894024
683,948,310,238,653,715,1053498
684,492,58,207,781,564,403615
685,624,37,741,631,426,856873
686,212,576,835,442,436,412862
687,430,561,656,854,831,744002
688,625,579,284,439,854,514143
689,142,273,471,522,910,265480
690,989,594,853,53,853,1022142
691,746,817,888,890,136,1345202
692,715,227,350,700,619,755771
693,59,808,658,82,341,55821
694,474,503,679,419,196,508171
695,228,995,392,150,732,108794
696,354,122,444,53,232,148604
697,805,782,910,102,812,739281
698,548,868,102,318,36,331004
699,166,112,559,744,883,443228
700,125,693,285,774,209,234829
701,873,764,599,756,604,1213445
702,773,845,127,600,644,672039
703,151,697,282,631,219,199349
704,242,869,894,979,670,932052
705,17,904,964,411,135,394685
706,466,360,699,693,952,700843
707,524,916,556,969,152,811508
708,158,221,478,912,453,460458
709,688,384,663,362,272,712582
710,501,618,727,398,635,539111
711,900,485,380,593,805,1034370
712,493,613,920,373,593,584983
713,257,108,829,383,482,383340
714,766,49,251,941,231,822849
715,42,714,57,133,763,7917
716,640,783,509,459,13,641665
717,615,438,539,881,949,852208
718,580,928,545,824,73,783624
719,769,871,964,900,218,1457219
720,980,879,64,804,990,1010098
721,363,604,360,710,138,386161
722,176,725,523,24,631,42078
723,297,132,474,413,29,283707
724,892,426,765,604,477,1256872
725,825,643,793,756,723,1278847
726,121,981,935,740,650,704579
727,453,286,393,11,107,208960
728,648,386,18,806,427,433640
729,139,180,301,539,920,181200
730,599,636,233,2,638,357995
731,258,599,531,833,624,507689
732,843,932,905,172,85,864445
733,698,412,382,974,781,858448
734,890,802,800,379,346,1093696
735,70,273,767,623,4,482195
736,957,667,15,970,901,929065
737,89,764,116,725,236,90493
738,111,674,667,214,16,153711
739,492,587,662,746,586,734742
740,510,687,372,457,89,428730
741,582,693,992,47,916,383962
742,338,581,176,56,149,122938
743,517,2,988,541,430,801793
744,708,596,485,660,786,820172
745,306,460,90,420,917,130516
746,933,470,495,635,214,1183874
747,438,119,453,793,125,550835
748,54,552,65,529,761,36197
749,74,678,672,591,669,401272
750,725,119,621,975,285,1130862
751,680,805,512,7,708,464374
752,318,320,353,709,49,350761
753,836,923,864,460,869,1094490
754,151,263,834,259,375,238281
755,707,914,487,999,567,984534
756,869,446,337,673,306,981070
757,731,203,909,334,13,837561
758,727,601,134,483,70,592049
759,270,114,909,301,584,346281
760,565,285,317,734,780,551333
761,763,208,626,665,390,998043
762,173,66,603,130,499,108187
763,574,776,919,783,880,1047501
764,652,876,275,933,481,679927
765,324,477,472,655,216,413182
766,656,914,489,770,154,805038
767,813,27,961,559,625,1198114
768,78,845,61,396,785,28550
769,779,539,22,115,525,608293
770,877,936,375,229,123,853132
771,927,317,492,802,706,1253279
772,546,141,647,164,755,403942
773,746,10,299,659,457,753537
774,518,648,851,86,956,340214
775,990,80,107,682,883,1052914
776,190,281,602,849,91,546636
777,529,688,656,345,694,504785
778,207,299,76,558,944,84659
779,203,898,221,230,351,90243
780,265,209,575,514,323,365357
781,391,49,144,481,298,222047
782,505,982,711,517,326,620648
783,385,706,872,296,593,404925
784,815,841,630,937,566,1252853
785,416,863,890,672,403,769410
786,88,117,754,726,526,554914
787,268,566,796,198,633,228300
788,856,354,820,363,510,1029688
789,566,552,937,800,968,1068852
790,425,427,310,372,184,295091
791,51,493,363,84,757,32107
792,630,624,80,357,159,424212
793,177,534,214,14,154,33257
794,952,508,504,842,58,1329656
795,666,733,363,663,301,682759
796,614,113,746,623,468,841528
797,600,64,919,243,348,583189
798,851,966,865,540,336,1189369
799,712,95,412,480,12,704514
800,872,809,655,142,454,851776
801,992,400,423,420,394,1160924
802,553,1,968,780,622,1060847
803,975,958,611,430,509,1211439
804,66,377,755,87,833,69287
805,917,145,217,551,481,960166
806,433,545,322,875,601,468149
807,585,462,264,950,822,592101
808,536,759,439,23,221,295875
809,238,662,643,290,38,241790
810,94,896,903,813,821,741183
811,882,622,523,789,690,1189327
812,42,659,903,877,268,792377
813,402,398,37,608,945,183304
814,211,804,24,476,975,54337
815,168,760,214,608,391,156816
816,407,869,289,719,457,371702
817,719,743,848,570,176,998835
818,404,740,273,530,320,306426
819,363,276,513,194,976,230739
820,507,282,913,705,398,900150
821,530,490,882,338,531,578036
822,504,877,241,328,677,331310
823,713,23,541,608,761,837251
824,668,338,113,797,374,535609
825,155,339,89,201,714,41236
826,592,889,30,591,870,366416
827,828,587,269,817,814,904183
828,278,996,520,399,810,282772
829,846,332,18,29,236,715574
830,663,774,757,712,867,977005
831,302,165,586,528,374,400282
832,379,80,930,722,68,814941
833,630,865,872,4,740,398658
834,472,654,91,413,581,259059
835,915,576,323,366,657,954291
836,124,673,837,662,604,568124
837,238,105,862,751,32,703796
838,14,254,516,184,390,94632
839,556,29,981,227,550,531765
840,957,522,841,427,68,1273912
841,766,228,665,150,826,686050
842,103,686,541,100,687,63337
843,254,907,545,569,781,372807
844,617,624,690,315,532,596791
845,709,175,996,665,265,1164671
846,691,57,389,297,509,592900
847,634,158,787,85,61,468535
848,523,163,210,855,946,452753
849,794,516,54,52,649,632212
850,550,83,836,786,599,959430
851,565,134,580,42,72,343317
852,291,704,738,933,281,771827
853,237,884,527,991,20,576658
854,481,579,607,736,772,676955
855,626,234,230,337,782,468918
856,279,400,350,606,882,289141
857,529,27,454,166,968,355151
858,77,91,360,905,68,331547
859,836,880,488,258,942,823040
860,439,3,871,780,407,872095
861,315,815,156,314,610,146579
862,605,269,8,998,662,373471
863,368,982,816,447,254,498212
864,458,276,596,921,176,758128
865,849,838,281,105,937,748630
866,486,170,883,864,696,998768
867,681,629,915,784,56,1179863
868,889,976,95,835,521,867694
869,162,383,538,137,764,99184
870,67,414,778,339,711,267403
871,350,458,458,76,388,156392
872,744,773,377,69,233,578003
873,310,658,572,286,199,258376
874,901,287,317,475,218,961802
875,379,175,269,347,172,236634
876,300,503,227,644,186,235182
877,234,544,949,807,5,819511
878,48,554,965,309,12,299381
879,565,611,955,595,512,886228
880,314,673,534,538,787,384542
881,401,619,10,38,488,159943
882,118,431,486,273,926,145740
883,648,28,194,350,527,487748
884,6,822,446,565,226,250382
885,284,19,922,613,73,645804
886,653,495,522,102,678,478663
887,735,848,62,606,241,576101
888,459,511,934,420,904,601939
889,425,904,791,269,759,391596
890,471,223,452,583,453,484911
891,216,38,701,233,226,209913
892,570,114,253,569,538,468629
893,447,284,920,500,866,659241
894,232,278,803,259,153,261245
895,227,414,350,808,265,333501
896,27,221,866,812,37,703479
897,626,535,797,271,404,606793
898,765,592,68,736,584,634089
899,280,148,242,226,902,132796
900,345,667,970,80,732,195291
901,441,826,955,365,774,541404
902,462,714,680,484,379,541136
903,523,582,360,156,997,328525
904,263,605,525,645,462,406584
905,910,648,564,230,905,956524
906,618,348,570,900,375,894228
907,890,644,712,961,796,1475044
908,17,719,759,973,877,737358
909,492,827,322,430,441,378870
910,753,423,539,822,358,1009221
911,119,239,960,505,340,498483
912,690,960,107,798,197,559566
913,723,94,882,744,329,1178749
914,102,891,253,167,157,50873
915,173,711,664,410,937,300747
916,364,230,510,941,582,611946
917,803,838,949,108,921,745625
918,319,889,622,684,746,525431
919,999,406,276,791,92,1215505
920,780,258,842,557,432,1076878
921,336,714,339,409,281,250119
922,652,605,55,215,985,435719
923,707,686,422,189,232,578235
924,128,563,497,642,884,334332
925,5,359,208,731,743,151355
926,267,766,889,920,154,887637
927,148,528,303,78,802,44482
928,366,611,0,47,784,132734
929,521,92,375,867,869,596382
930,886,742,183,342,122,846098
931,220,498,545,491,658,314999
932,457,502,530,256,297,343525
933,945,900,928,163,28,1042489
934,286,88,185,666,485,204830
935,292,725,759,948,227,803346
936,132,783,680,671,254,472138
937,74,364,964,454,209,442404
938,469,617,264,753,981,417519
939,187,425,390,314,779,156579
940,255,754,751,285,280,277552
941,111,595,677,304,722,216939
942,341,775,94,60,113,120371
943,122,522,898,516,959,477208
944,139,285,590,452,730,285431
945,964,513,115,797,911,1019925
946,171,905,352,704,242,275239
947,894,75,96,225,248,820686
948,917,347,757,492,288,1212639
949,937,599,589,556,365,1204255
950,234,530,739,952,414,757224
951,462,977,113,109,621,223807
952,960,430,806,605,17,1408370
953,352,288,36,199,415,130492
954,992,108,6,482,864,986740
955,929,357,348,60,837,883207
956,994,610,728,557,779,1392312
957,802,707,393,370,42,787200
958,566,512,17,381,896,325809
959,56,915,458,155,381,72296
960,8,786,880,94,598,81212
961,9,642,14,227,859,1975
962,493,907,299,59,125,258876
963,42,888,378,383,901,144762
964,489,974,507,820,642,652913
965,246,32,139,238,839,93534
966,636,472,331,247,276,485309
967,255,464,540,644,791,411857
968,757,110,235,484,715,686569
969,901,295,600,209,991,936611
970,130,156,895,770,699,705738
971,395,328,828,558,42,617393
972,247,972,623,715,900,504510
973,594,289,423,687,882,642859
974,245,737,605,871,764,585506
975,499,340,790,206,616,411061
976,142,45,905,264,379,258994
977,180,365,899,488,322,470382
978,471,922,781,667,466,740924
979,523,929,663,98,220,336645
980,949,480,71,659,717,946430
981,782,100,958,563,602,1150678
982,922,399,175,140,865,873786
983,280,412,130,187,68,101886
984,935,401,462,223,315,976449
985,63,682,289,613,372,179762
986,391,17,682,708,872,635703
987,735,575,80,819,101,604595
988,272,686,59,526,568,103646
989,353,164,235,385,107,214756
990,750,146,119,755,702,652053
991,839,855,681,777,480,1231348
992,773,663,381,301,249,710884
993,846,529,56,605,15,748538
994,79,409,609,415,465,258158
995,748,207,224,200,844,603890
996,845,392,392,126,363,762633
997,810,638,678,693,241,1124678
998,649,673,784,846,618,1083119
999,131,323,577,295,501,186730
1000,714,774,849,554,629,978594
1001,201,811,394,217,910,124277
1002,559,85,802,710,77,881731
1003,600,504,724,289,9,568228
1004,590,325,355,118,973,389340
1005,153,830,182,623,335,135135
1006,775,83,515,147,725,676164
1007,153,667,507,247,97,147304
1008,884,784,867,161,914,919475
1009,761,891,42,942,884,616903
1010,213,25,342,68,926,68575
1011,191,183,270,922,368,285055
1012,37,348,490,2,358,1653
1013,886,284,564,725,555,1193328
1014,802,990,546,423,531,872182
1015,41,58,710,887,206,631335
1016,518,865,332,286,261,361546
1017,793,708,527,986,634,1147055
1018,154,56,139,381,371,76563
1019,229,222,723,155,147,164062
1020,600,441,543,502,896,631704
1021,198,397,625,958,517,637160
1022,495,739,314,304,116,339003
1023,318,875,610,860,473,623974
1024,951,898,179,589,408,1008036
1025,649,303,959,354,514,760081
1026,43,47,561,708,76,398943
1027,57,679,91,0,184,1891
1028,226,112,942,667,592,679166
1029,745,874,622,124,929,630405
1030,857,982,591,342,107,934607
1031,764,888,16,365,487,587760
1032,289,240,363,816,79,379249
1033,623,30,49,976,281,435893
1034,167,597,652,690,434,476575
1035,878,872,338,396,931,902988
1036,412,88,397,402,801,329162
1037,421,197,437,19,353,185150
1038,653,503,817,37,308,455632
1039,484,562,566,55,523,264262
1040,870,961,160,605,70,851778
1041,361,896,922,745,219,815419
1042,143,35,905,825,407,767004
1043,918,705,33,421,12,855207
1044,71,32,276,561,581,159813
1045,982,255,515,73,683,1001409
1046,233,363,289,849,840,298924
1047,801,938,328,916,592,940173
1048,899,859,780,318,643,1054523
1049,982,131,258,819,292,1175364
1050,75,795,766,324,286,252219
1051,771,8,12,517,953,600629
1052,684,731,387,622,786,707108
1053,733,913,212,591,826,660755
1054,130,775,41,953,832,54423
1055,519,667,504,367,888,452995
1056,228,12,822,114,658,145668
1057,953,757,756,64,388,955079
1058,699,680,503,326,624,651219
1059,745,112,321,384,496,678065
1060,766,9,430,33,459,600928
1061,376,517,88,127,976,151518
1062,15,835,217,606,965,130057
1063,875,338,594,7,648,769107
1064,674,262,222,383,747,538778
1065,893,649,338,784,747,1061143
1066,945,648,119,472,923,947897
1067,759,685,627,924,80,1154059
1068,772,80,99,523,730,647601
1069,812,257,327,78,54,684336
1070,721,126,650,545,364,873839
1071,892,229,805,805,601,1443231
1072,751,680,1,544,490,563185
1073,529,375,26,240,740,285331
1074,741,318,603,557,892,884316
1075,31,710,653,347,165,226132
1076,656,105,174,434,526,505642
1077,915,663,979,959,742,1774760
1078,497,188,801,132,297,352365
1079,520,859,676,58,488,307890
1080,357,302,673,95,643,190780
1081,534,541,431,343,475,431907
1082,67,317,313,688,109,219199
1083,622,256,884,432,527,768260
1084,13,391,519,613,669,317534
1085,635,312,332,921,930,708373
1086,581,535,573,172,271,435047
1087,94,524,144,576,376,90732
1088,321,494,934,61,159,159027
1089,929,156,957,999,96,1818772
1090,404,965,539,269,529,306277
1091,573,438,990,718,396,1038273
1092,522,916,603,348,214,480496
1093,956,602,876,475,167,1328832
1094,58,84,399,26,862,13570
1095,83,65,890,534,376,482019
1096,486,328,682,43,294,264866
1097,668,51,672,736,714,940714
1098,978,931,69,533,292,991399
1099,115,441,102,88,15,21319
1100,614,889,547,419,418,604411
1101,640,794,282,302,86,493176
1102,992,100,725,219,499,1142639
1103,406,76,72,935,112,232004
1104,34,441,727,450,837,327424
1105,216,207,559,947,667,575615
1106,398,610,226,227,936,208486
1107,682,433,122,83,411,474384
1108,984,928,623,689,334,1395647
1109,183,383,143,231,576,65756
1110,68,531,737,160,434,121482
1111,480,367,869,751,582,882285
1112,946,550,981,804,916,1682540
1113,518,489,854,825,306,971896
1114,287,831,41,278,901,92105
1115,981,623,197,971,437,1152402
1116,267,893,996,193,275,261731
1117,489,525,721,556,617,638947
1118,897,113,79,837,262,870506
1119,288,112,739,660,645,570460
1120,699,753,696,386,11,755751
1121,140,197,955,691,517,679111
1122,223,992,623,266,81,213463
1123,964,865,426,122,712,979538
1124,112,305,167,313,447,64205
1125,871,172,868,683,167,1351141
1126,926,427,920,719,477,1518102
1127,488,43,74,970,938,309838
1128,128,709,457,67,643,45585
1129,470,921,30,302,238,228118
1130,436,298,28,238,767,196164
1131,468,797,470,962,868,669570
1132,450,649,686,373,418,457080
1133,955,740,342,622,660,1123269
1134,369,489,174,381,963,201477
1135,156,347,437,881,293,408639
1136,693,810,796,381,314,781905
1137,193,339,273,921,353,288004
1138,357,671,509,490,78,375517
1139,875,127,612,713,943,1201727
1140,949,638,322,277,289,988519
1141,617,688,91,751,592,447654
1142,922,713,230,685,63,1006208
1143,972,0,156,2,659,945096
1144,456,447,627,901,259,771969
1145,797,497,820,162,108,767055
1146,971,432,416,803,931,1276025
1147,90,858,148,149,570,28436
1148,649,432,782,789,880,1037335
1149,73,628,969,58,972,60275
1150,905,841,215,113,859,841638
1151,817,465,796,163,769,796307
1152,179,185,479,449,986,246742
1153,961,778,337,811,201,1195272
1154,327,392,416,573,249,344513
1155,680,998,260,820,704,673604
1156,606,958,686,668,699,823568
1157,429,662,886,822,861,911009
1158,756,867,898,601,394,1109500
1159,221,43,127,721,219,140322
1160,87,619,150,458,990,75031
1161,459,585,654,586,64,592755
1162,159,735,428,853,572,388895
1163,957,556,516,433,735,1138165
1164,569,480,609,485,200,618166
1165,619,758,721,883,357,1018288
1166,248,887,564,676,197,440994
1167,139,807,150,207,976,48757
1168,872,765,250,758,863,948354
1169,727,420,107,63,195,534430
1170,237,567,27,481,335,68022
1171,627,418,488,750,604,758293
1172,282,51,867,223,491,272763
1173,21,970,635,874,409,553491
1174,789,279,406,541,559,841609
1175,528,637,755,233,490,453425
1176,243,613,903,639,105,634840
1177,139,746,924,473,245,454881
1178,613,76,758,339,217,632579
1179,414,908,710,185,49,300930
1180,643,735,429,301,24,541108
1181,869,788,268,802,293,968521
1182,540,87,852,242,286,497610
1183,704,766,65,730,236,541534
1184,487,406,753,498,950,611351
1185,483,744,968,523,180,738065
1186,426,217,44,467,179,201590
1187,460,592,271,356,938,306892
1188,544,234,852,641,770,841600
1189,946,79,165,684,706,1007618
1190,473,854,821,705,12,800826
1191,971,176,426,680,414,1232169
1192,712,58,444,696,787,815852
1193,328,275,183,598,178,216468
1194,397,808,910,511,93,621003
1195,927,850,220,805,930,1034729
1196,23,468,491,864,558,423817
1197,174,732,94,478,34,73744
1198,177,714,768,819,917,658893
1199,171,861,438,246,549,135267
1200,174,904,751,987,240,769705
1201,40,161,474,291,127,139212
1202,33,86,320,679,507,218197
1203,330,505,300,116,177,142690
1204,376,38,229,47,977,152063
1205,47,126,336,925,547,312757
1206,989,381,690,819,766,1542469
1207,479,14,410,692,841,513133
1208,874,239,535,703,111,1139503
1209,890,597,929,973,540,1694823
1210,465,479,428,901,121,600895
1211,924,891,609,928,900,1417146
1212,554,331,496,172,287,391566
1213,679,214,409,933,963,842210
1214,263,396,373,141,591,120970
1215,65,948,200,787,882,159729
1216,13,992,478,817,235,388711
1217,596,322,236,273,988,419000
1218,742,949,989,545,938,1087671
1219,831,126,643,675,77,1124334
1220,964,935,313,678,771,1139640
1221,40,386,382,819,782,313686
1222,891,854,977,461,551,1242570
1223,908,757,190,463,643,910920
1224,431,71,541,199,198,293278
1225,809,32,303,418,0,781071
1226,596,397,330,122,147,394682
1227,355,749,260,323,248,208507
1228,268,847,253,354,37,159692
1229,800,366,950,41,944,678218
1230,586,613,551,597,210,671117
1231,107,55,889,705,712,638084
1232,700,650,672,424,430,773628
1233,362,193,628,69,995,173990
1234,204,612,968,26,733,65560
1235,432,436,180,993,758,364492
1236,849,321,255,587,413,869844
1237,241,567,22,123,276,59653
1238,152,879,370,355,307,152696
1239,200,702,826,727,878,639098
1240,515,789,230,816,419,451327
1241,994,346,7,14,584,987442
1242,512,968,19,985,554,278923
1243,993,538,724,144,142,1089229
1244,403,365,812,627,324,670803
1245,626,783,904,397,280,749198
1246,405,239,470,3,438,164957
1247,540,420,492,259,131,418188
1248,757,492,986,341,309,908291
1249,187,989,956,385,186,401051
1250,876,701,389,997,992,1153807
1251,114,684,657,873,188,585189
1252,730,808,626,697,756,967606
1253,818,676,801,904,964,1391876
1254,379,833,83,966,770,222153
1255,0,116,609,889,614,541169
1256,926,392,205,913,986,1043857
1257,669,487,372,947,277,798871
1258,735,290,572,808,478,1001821
1259,266,74,518,838,205,504692
1260,344,690,224,638,971,259868
1261,521,70,924,796,917,1006805
1262,687,6,577,119,776,540620
1263,857,608,288,947,354,1005969
1264,303,948,726,922,472,759285
1265,973,571,228,299,107,1013759
1266,630,515,559,72,421,436118
1267,902,388,501,565,644,1095893
1268,220,641,495,175,858,133743
1269,168,582,817,5,786,31145
1270,851,249,295,811,779,962948
1271,27,835,514,429,671,219565
1272,330,438,437,330,721,252234
1273,947,542,223,293,10,961064
1274,439,89,660,182,28,312663
1275,832,946,264,660,281,864572
1276,527,217,397,387,55,430934
1277,82,978,14,226,590,7932
1278,31,777,836,554,11,462551
1279,976,304,280,292,343,1033728
1280,638,688,285,343,306,503423
1281,203,450,762,517,170,434263
1282,314,533,114,898,74,199902
1283,750,394,764,869,768,1225628
1284,311,484,43,650,488,123703
1285,130,994,171,909,322,170351
1286,395,611,319,886,462,437437
1287,901,826,786,615,54,1293539
1288,444,197,43,783,621,230411
1289,659,373,930,941,448,1308665
1290,881,557,899,102,36,866745
1291,769,965,418,194,777,670523
1292,502,997,781,333,626,510083
1293,61,890,595,996,209,594561
1294,72,96,694,116,47,85496
1295,884,327,61,380,146,803982
1296,605,498,982,689,724,1041627
1297,807,835,426,620,801,913699
1298,296,604,630,979,619,703178
1299,905,559,975,852,982,1648607
1300,231,815,698,653,899,507525
1301,614,164,803,367,671,671369
1302,426,613,394,145,786,237380
1303,597,466,879,600,266,882877
1304,829,403,825,518,14,1113785
1305,224,57,741,312,611,281254
1306,571,833,166,479,302,403889
1307,934,926,742,552,70,1280088
1308,146,412,618,838,671,538376
1309,216,918,858,634,866,588792
1310,663,31,614,608,546,812819
1311,180,438,87,504,784,75372
1312,496,713,164,189,941,275586
1313,682,597,718,334,477,703742
1314,103,213,30,686,436,30763
1315,409,256,136,429,832,225113
1316,908,860,723,54,218,861786
1317,775,634,141,721,494,701018
1318,876,606,265,680,439,946364
1319,938,748,784,998,845,1660780
1320,693,813,189,498,147,572745
1321,909,40,74,731,464,880295
1322,438,74,678,433,228,485270
1323,287,990,478,659,120,395391
1324,103,104,952,441,825,430233
1325,136,113,512,963,679,511326
1326,63,383,200,723,792,147803
1327,282,658,93,726,307,145726
1328,154,959,543,734,69,420360
1329,599,869,465,752,192,706743
1330,633,360,878,533,515,867943
1331,269,132,958,460,475,512777
1332,12,515,775,438,979,338564
1333,128,39,997,501,491,515803
1334,758,269,29,756,340,595950
1335,899,36,463,145,461,875264
1336,460,49,848,818,754,905166
1337,80,257,716,988,978,713294
1338,985,488,761,378,348,1256907
1339,406,2,130,985,504,292882
1340,282,24,659,974,471,721342
1341,935,989,779,345,149,1141002
1342,135,172,487,543,101,282322
1343,84,3,583,0,144,7050
1344,746,95,915,108,578,655146
1345,457,29,953,429,316,617628
1346,62,390,541,427,661,234071
1347,217,765,285,150,435,88309
1348,604,456,405,349,910,505249
1349,626,617,474,399,328,579768
1350,873,264,238,580,673,899641
1351,425,731,176,379,594,245867
1352,87,391,951,19,146,24856
1353,158,777,990,504,889,522370
1354,968,428,835,463,994,1322773
1355,499,177,844,709,42,847043
1356,444,659,916,654,130,794882
1357,337,571,94,268,719,137619
1358,910,115,425,210,214,917120
1359,232,947,124,986,188,174194
1360,436,219,278,255,36,260548
1361,697,716,64,535,612,518617
1362,105,202,755,998,742,764111
1363,749,279,615,526,489,883933
1364,262,634,697,223,625,222807
1365,745,256,33,270,30,563423
1366,493,396,975,61,109,301732
1367,34,553,987,679,925,670223
1368,934,208,470,156,787,945260
1369,563,471,805,275,231,537402
1370,350,159,406,154,674,184706
1371,378,346,490,471,61,372982
1372,993,866,708,449,613,1302209
1373,87,338,116,837,6,103985
1374,90,347,273,933,557,262115
1375,710,949,106,691,811,575448
1376,733,107,167,325,845,591350
1377,853,613,330,28,898,735623
1378,4,61,35,285,867,9869
1379,220,479,340,831,625,329982
1380,233,138,357,859,713,360676
1381,360,159,957,233,695,352263
1382,468,33,622,314,899,414266
1383,494,660,51,618,739,274234
1384,508,235,964,230,250,479314
1385,896,649,421,312,505,932870
1386,735,216,717,51,664,576360
1387,217,454,949,325,16,354606
1388,704,917,928,20,701,512342
1389,931,221,127,729,947,958902
1390,90,903,92,379,653,41162
1391,29,275,188,577,912,108767
1392,105,872,539,11,483,15210
1393,90,309,409,529,99,223843
1394,252,127,905,828,511,812590
1395,754,808,354,469,714,732926
1396,892,848,324,705,161,1022388
1397,732,631,569,796,82,987486
1398,289,630,579,87,413,132634
1399,329,559,177,567,779,207482
1400,675,136,404,675,272,728053
1401,100,970,776,525,980,415460
1402,296,714,354,586,937,293632
1403,262,662,416,558,282,299448
1404,617,685,881,589,117,898228
1405,745,791,990,315,345,865293
1406,251,758,558,772,848,492261
1407,667,231,506,241,255,566373
1408,443,546,559,858,356,674779
1409,743,59,286,43,170,564229
1410,620,996,378,446,202,550996
1411,76,793,98,867,730,89156
1412,982,502,441,906,486,1362866
1413,472,152,413,78,765,254694
1414,556,554,653,395,998,565963
1415,163,199,282,577,566,188885
1416,850,514,636,859,529,1267796
1417,118,795,350,921,46,334684
1418,412,752,569,42,847,192138
1419,945,4,496,943,451,1360745
1420,493,822,265,910,329,482555
1421,370,562,749,208,691,291568
1422,329,300,653,212,605,246077
1423,618,380,571,481,81,655815
1424,518,496,86,967,566,350494
1425,745,88,785,135,257,660824
1426,202,463,472,566,937,307030
1427,902,941,134,815,42,920932
1428,313,336,311,357,322,208324
1429,435,879,697,613,450,614728
1430,618,875,572,310,625,557494
1431,355,505,97,984,389,220463
1432,957,242,526,313,432,1080003
1433,252,719,433,707,200,368197
1434,895,484,828,318,495,1063361
1435,952,27,66,758,686,956278
1436,431,874,699,482,712,520931
1437,588,689,492,310,873,496886
1438,969,703,28,983,329,965079
1439,337,148,341,883,800,414376
1440,765,302,432,538,326,817037
1441,91,544,144,546,698,85817
1442,139,343,79,928,76,91947
1443,806,750,345,78,25,675046
1444,469,970,798,547,358,654527
1445,701,132,612,133,519,572533
1446,541,372,455,19,334,300582
1447,696,931,150,665,124,582304
1448,190,347,651,587,611,417543
1449,945,526,560,487,739,1164693
1450,456,490,213,177,984,244657
1451,990,804,948,334,277,1295124
1452,937,688,159,604,242,972629
1453,896,964,524,76,714,840712
1454,467,70,404,230,527,310869
1455,919,172,642,725,406,1309667
1456,661,875,269,773,355,643108
1457,353,834,252,796,634,323533
1458,65,4,749,499,342,377968
1459,996,237,678,957,502,1640388
1460,735,1,567,528,340,839599
1461,576,377,709,579,884,741533
1462,363,212,443,753,53,464924
1463,798,522,972,369,514,994428
1464,687,158,922,66,359,532505
1465,704,182,73,354,207,521094
1466,435,33,222,570,699,315699
1467,425,937,495,275,214,314876
1468,689,829,884,837,158,1212971
1469,916,292,821,711,943,1422203
1470,192,9,809,278,493,261748
1471,812,752,702,988,119,1351416
1472,826,893,521,913,952,1156163
1473,581,943,230,701,195,496905
1474,991,311,16,789,653,994083
1475,784,611,579,998,340,1191276
1476,426,638,994,543,645,719942
1477,709,421,187,672,158,627503
1478,673,176,783,848,965,1116561
1479,370,547,34,2,728,135874
1480,588,477,659,212,769,484498
1481,904,479,84,103,555,824910
1482,241,877,786,275,278,272477
1483,772,58,412,225,40,688568
1484,525,952,162,521,509,358123
1485,704,282,305,573,889,669817
1486,321,531,141,526,217,176145
1487,45,625,591,419,684,248404
1488,78,406,60,611,618,41932
1489,530,781,278,452,72,404994
1490,362,273,885,191,54,299533
1491,156,694,520,963,701,523708
1492,972,689,109,426,319,989840
1493,780,151,228,816,595,794146
1494,884,252,245,758,469,966662
1495,881,386,192,951,20,957981
1496,126,539,141,443,657,77261
1497,120,783,243,580,903,153774
1498,410,226,434,91,226,207142
1499,995,85,282,864,727,1233503
1500,686,264,25,773,639,489393
1501,765,681,609,640,96,973623
1502,59,703,982,262,947,259359
1503,997,725,290,670,819,1186859
1504,602,699,823,443,659,725595
1505,750,134,623,17,710,572823
1506,537,893,218,550,981,406483
1507,101,209,66,676,248,54399
1508,885,249,31,844,730,808891
1509,131,414,840,173,672,161653
1510,721,77,526,591,980,830553
1511,111,371,107,614,517,77277
1512,101,942,974,474,89,469993
1513,68,250,51,77,874,8051
1514,678,454,4,981,372,462700
1515,219,550,936,107,438,147013
1516,133,91,639,192,378,140195
1517,510,303,650,934,439,866594
1518,331,856,14,860,805,119889
1519,642,631,533,674,445,770144
1520,343,714,506,147,363,190603
1521,781,902,971,793,331,1378160
1522,260,658,882,377,110,398798
1523,105,993,289,821,899,246308
1524,329,474,771,586,912,559099
1525,467,740,693,900,307,840309
1526,29,716,892,551,562,490901
1527,662,449,621,575,227,794421
1528,346,587,780,453,23,471882
1529,474,941,75,97,76,230069
1530,51,360,60,19,763,3021
1531,802,717,831,701,253,1224301
1532,301,168,728,237,240,262801
1533,229,715,599,609,87,415802
1534,262,847,731,193,627,208033
1535,324,443,296,710,585,314250
1536,535,355,422,199,140,369493
1537,733,996,441,857,173,913234
1538,433,763,907,265,322,426318
1539,127,303,38,676,552,41211
1540,82,220,602,682,286,416848
1541,377,562,698,14,964,150777
1542,853,420,250,584,494,872769
1543,267,374,293,581,895,240774
1544,42,219,769,983,851,757253
1545,678,640,771,240,217,643444
1546,190,290,550,17,879,44870
1547,233,514,884,868,555,820573
1548,516,259,760,367,544,544658
1549,639,877,942,884,210,1239295
1550,929,220,885,52,21,908621
1551,144,39,81,504,133,61482
1552,704,991,885,180,536,652934
1553,504,631,887,426,494,630616
1554,532,192,579,700,438,687940
1555,805,179,452,354,679,807675
1556,756,77,580,588,677,912422
1557,303,133,733,886,924,740981
1558,155,855,363,336,758,144283
1559,402,294,482,322,815,316220
1560,700,695,934,29,858,515696
1561,682,732,953,104,0,562772
1562,503,433,171,35,833,258128
1563,534,424,328,681,980,507676
1564,266,859,938,805,912,824128
1565,232,886,389,50,198,71502
1566,522,111,214,841,920,452236
1567,655,344,93,886,420,510735
1568,621,65,696,752,553,908903
1569,394,113,634,355,349,380080
1570,628,734,624,39,196,417252
1571,977,546,779,282,280,1173115
1572,927,863,439,89,252,896674
1573,308,692,11,205,18,95735
1574,521,424,199,938,231,457255
1575,496,727,586,433,727,498300
1576,456,927,488,938,972,663826
1577,790,543,221,297,567,688651
1578,797,916,709,965,224,1317562
1579,321,696,600,133,149,181449
1580,603,868,700,517,51,723773
1581,545,690,691,761,192,821496
1582,894,634,227,877,215,997047
1583,605,481,739,701,11,883102
1584,60,232,169,748,923,129548
1585,790,525,978,46,524,668038
1586,962,682,288,214,305,985712
1587,259,956,652,612,379,464193
1588,403,445,276,887,166,406331
1589,4,181,300,538,621,161054
1590,173,513,506,304,934,182727
1591,997,35,130,145,71,1012789
1592,970,693,860,857,346,1676534
1593,322,938,720,444,189,421488
1594,179,217,675,547,153,400832
1595,849,841,115,735,668,803644
1596,467,73,902,16,496,232375
1597,723,364,300,197,184,581101
1598,758,894,129,948,993,695068
1599,206,360,350,511,626,220566
1600,124,689,471,115,187,68163
1601,46,87,589,689,402,407763
1602,723,11,816,726,898,1115123
1603,32,834,691,509,583,351075
1604,161,794,941,169,947,183362
1605,406,443,747,512,950,546414
1606,839,379,854,864,193,1441019
1607,729,323,848,509,961,962427
1608,192,763,479,116,727,90902
1609,916,303,143,250,611,874200
1610,139,656,941,519,479,506388
1611,394,249,642,526,677,492430
1612,71,696,514,24,924,15985
1613,744,923,616,151,461,644706
1614,576,815,458,558,711,585710
1615,203,128,556,902,988,542465
1616,919,605,57,168,825,852927
1617,440,380,267,435,590,308985
1618,803,323,811,367,158,941800
1619,408,898,646,746,71,646584
1620,576,289,333,483,616,492037
1621,226,468,458,449,168,255782
1622,310,326,516,951,98,586164
1623,237,914,392,182,86,125685
1624,99,892,755,622,811,477627
1625,703,290,322,765,583,739959
1626,381,605,585,895,992,667526
1627,48,710,147,451,969,67181
1628,544,311,962,124,257,414602
1629,311,659,387,211,736,177060
1630,381,770,518,239,409,267423
1631,735,92,207,489,618,641264
1632,627,776,161,866,866,531003
1633,555,728,692,908,298,934905
1634,950,527,257,543,910,1040997
1635,181,723,705,782,584,582625
1636,238,821,4,112,228,55450
1637,499,222,186,866,947,409633
1638,784,316,812,149,350,735012
1639,660,325,111,328,57,471358
1640,827,408,165,71,734,694828
1641,37,753,405,604,646,244483
1642,228,476,717,986,21,757994
1643,773,485,769,418,537,918001
1644,844,362,401,122,31,760534
1645,845,437,715,180,79,841851
1646,979,968,114,145,689,973035
1647,345,491,337,109,558,154776
1648,84,577,608,607,682,374958
1649,275,260,688,576,419,471393
1650,935,755,590,213,517,998385
1651,949,135,386,529,975,1104525
1652,810,770,563,715,529,1057105
1653,535,921,221,963,411,497206
1654,193,964,586,616,825,396297
1655,885,480,912,31,231,810537
1656,55,951,581,972,201,565855
1657,171,543,362,919,10,360833
1658,138,247,289,862,44,267668
1659,314,399,988,782,863,870414
1660,370,916,975,43,582,176993
1661,220,891,953,222,915,258184
1662,207,753,724,510,291,410583
1663,402,381,379,569,178,376493
1664,961,358,838,192,321,1083701
1665,350,376,996,499,608,618752
1666,409,151,120,42,208,172019
1667,422,333,987,595,706,764683
1668,86,932,303,935,726,288837
1669,511,502,141,210,725,289727
1670,493,563,839,850,501,955073
1671,106,399,592,159,309,104566
1672,959,682,400,54,688,939917
1673,464,677,550,676,310,585742
1674,462,4,924,198,646,396388
1675,65,967,271,112,452,32643
1676,542,467,742,164,310,414518
1677,996,149,895,429,33,1375673
1678,983,915,858,36,109,995347
1679,302,677,40,939,106,127410
1680,773,575,936,775,431,1321779
1681,293,753,970,350,920,423843
1682,208,504,340,509,978,215316
1683,239,867,255,609,311,210682
1684,151,645,64,217,812,35399
1685,666,800,140,2,921,442236
1686,281,102,869,993,979,941674
1687,734,164,506,321,52,700854
1688,636,614,350,676,908,639868
1689,832,414,650,912,762,1284196
1690,377,30,232,796,384,326741
1691,716,0,932,695,728,1160396
1692,134,417,469,473,338,238959
1693,970,518,499,443,395,1160921
1694,514,829,304,912,417,539786
1695,181,744,931,816,879,790969
1696,566,970,560,851,571,794976
1697,144,74,525,540,312,304088
1698,941,108,704,948,775,1552657
1699,423,289,471,633,562,476494
1700,755,429,409,218,918,658329
1701,484,474,81,982,782,312850
1702,547,193,211,374,579,377737
1703,439,15,547,58,181,224417
1704,461,624,231,535,144,334858
1705,66,599,410,197,959,83928
1706,364,347,722,868,372,758498
1707,884,846,927,674,520,1404562
1708,695,235,355,283,624,583020
1709,917,518,600,477,908,1126053
1710,61,223,725,442,438,323725
1711,845,252,948,8,297,721105
1712,754,484,642,804,661,1083716
1713,564,509,746,226,766,485674
1714,217,820,988,332,15,373465
1715,154,279,209,757,149,181371
1716,472,365,624,884,546,773670
1717,428,463,563,894,162,685580
1718,881,988,149,673,320,874462
1719,806,1,63,336,468,670802
1720,476,438,835,286,370,464510
1721,441,64,865,754,225,846563
1722,1,308,131,289,54,37244
1723,760,952,196,97,782,594708
1724,675,906,890,917,464,1269943
1725,499,736,142,15,126,249659
1726,551,23,121,373,417,348688
1727,580,54,458,325,69,485142
1728,704,988,914,241,174,713914
1729,534,836,799,315,94,535169
1730,906,395,296,975,514,1108646
1731,618,101,74,822,210,442550
1732,457,372,398,951,979,586603
1733,702,836,851,368,347,804300
1734,42,273,351,313,806,111081
1735,886,699,515,690,776,1138948
1736,427,972,922,246,759,407197
1737,324,664,445,811,601,464543
1738,404,134,923,455,390,582913
1739,460,122,445,274,771,333286
1740,565,879,391,46,216,335453
1741,486,728,458,826,961,613048
1742,85,908,115,267,432,36114
1743,346,433,534,29,751,134336
1744,242,732,378,797,552,358366
1745,883,574,939,382,997,1137239
1746,220,571,911,660,600,648518
1747,854,543,340,564,948,919990
1748,746,132,529,814,392,986858
1749,87,865,511,355,484,187244
1750,839,962,73,822,647,762003
1751,414,30,271,538,356,317134
1752,924,647,255,515,537,983807
1753,769,152,948,344,802,917169
1754,271,280,84,890,191,147641
1755,218,649,613,512,683,360082
1756,115,111,224,136,185,43467
1757,105,745,954,485,386,472225
1758,378,623,84,317,906,168266
1759,362,371,70,778,534,184762
1760,770,762,6,541,363,594622
1761,601,890,126,906,529,473577
1762,726,201,203,164,912,559966
1763,549,555,20,48,756,301251
1764,607,906,16,321,187,371773
1765,2,604,151,919,724,137565
1766,641,188,929,563,900,933532
1767,551,22,86,251,98,325143
1768,383,363,597,429,963,402076
1769,179,460,924,604,651,589217
1770,420,682,922,948,903,1049092
1771,932,567,575,293,50,1035965
1772,371,349,833,856,527,849991
1773,887,434,950,811,423,1556351
1774,664,30,563,453,451,695875
1775,275,94,7,866,261,81499
1776,385,149,791,461,46,512578
1777,652,552,63,585,196,460855
1778,729,148,105,299,566,562540
1779,28,6,412,715,618,295352
1780,375,315,88,643,38,196579
1781,431,575,715,55,889,223936
1782,329,129,380,558,847,320023
1783,436,249,491,342,459,357520
1784,119,539,708,334,142,249555
1785,355,828,19,901,595,141488
1786,681,500,127,971,388,586078
1787,317,632,287,723,803,306726
1788,175,858,526,538,631,311897
1789,721,86,15,583,618,528414
1790,312,739,624,612,952,477754
1791,200,796,500,41,165,58908
1792,456,544,854,183,938,363130
1793,218,894,371,409,210,197475
1794,113,591,67,131,124,20364
1795,585,868,765,814,83,963199
1796,918,587,312,295,68,933590
1797,193,113,326,666,997,254139
1798,690,739,194,747,677,619540
1799,456,631,326,8,448,209282
1800,636,186,39,694,948,431190
1801,415,16,394,949,117,546099
1802,710,176,680,421,9,790028
1803,758,386,866,768,652,1238880
1804,560,688,27,337,948,321323
1805,659,513,438,4,25,435007
1806,872,519,391,303,527,877819
1807,357,797,795,666,546,655325
1808,947,743,794,207,109,1059681
1809,770,998,96,978,35,684792
1810,516,78,602,426,586,522552
1811,290,348,676,484,218,410588
1812,710,1,951,226,996,719024
1813,458,526,706,97,278,277194
1814,952,506,333,395,87,1036827
1815,696,881,338,464,265,639486
1816,104,125,557,92,736,61810
1817,97,86,147,631,850,101994
1818,153,206,315,33,314,33392
1819,920,975,632,708,684,1291906
1820,911,117,674,791,654,1362821
1821,38,917,708,717,34,507246
1822,117,916,706,413,151,303435
1823,826,117,375,851,226,1001167
1824,810,5,821,165,828,791555
1825,784,243,993,303,826,915049
1826,21,306,496,730,7,361909
1827,32,289,540,173,269,93866
1828,8,824,613,80,107,47456
1829,467,35,188,210,71,257499
1830,178,663,819,342,891,310456
1831,26,769,174,51,985,8012
1832,330,525,37,419,609,123353
1833,923,996,408,525,715,1064137
1834,719,486,775,202,233,672539
1835,785,882,784,916,710,1332605
1836,68,111,231,953,773,224545
1837,925,350,33,916,967,885153
1838,329,169,458,455,395,316293
1839,18,384,336,752,297,252228
1840,526,312,787,422,101,608166
1841,372,569,99,988,975,235058
1842,547,38,419,810,342,638523
1843,732,303,611,725,39,978193
1844,35,604,201,243,379,48860
1845,197,280,950,748,779,748849
1846,193,448,510,846,906,467813
1847,299,18,63,162,104,99571
1848,940,531,396,916,457,1245274
1849,801,417,364,402,341,787095
1850,933,959,897,883,369,1660622
1851,789,23,139,84,477,634151
1852,171,781,201,831,282,194710
1853,745,551,509,499,409,807914
1854,586,46,374,578,528,559476
1855,14,422,52,526,338,26704
1856,183,154,703,531,811,406474
1857,469,782,758,137,945,322243
1858,344,375,988,757,654,865502
1859,716,311,63,426,856,538872
1860,386,8,420,374,826,306060
1861,378,476,755,4,246,144952
1862,728,588,388,198,150,605632
1863,249,557,875,441,951,446762
1864,291,692,570,940,284,619097
1865,346,443,459,479,511,338691
1866,141,729,58,101,553,24281
1867,634,423,460,580,272,667910
1868,70,507,987,584,812,580294
1869,996,426,512,370,447,1180604
1870,621,32,838,474,487,782789
1871,704,109,119,125,36,510273
1872,581,659,278,5,165,337633
1873,888,1,488,711,951,1135510
1874,157,502,787,385,670,326640
1875,705,984,793,791,544,1122320
1876,750,190,656,761,305,1061336
1877,240,893,113,300,70,89714
1878,72,372,709,293,607,212177
1879,352,236,700,481,880,460132
1880,499,165,437,477,299,457120
1881,453,363,835,936,998,986043
1882,848,104,744,847,256,1349064
1883,986,148,886,749,294,1635514
1884,594,545,589,286,422,520200
1885,589,761,486,862,168,764331
1886,236,469,328,229,118,129870
1887,869,420,325,412,957,888221
1888,381,201,282,976,406,419991
1889,724,340,882,956,591,1366688
1890,252,522,438,610,848,329640
1891,954,697,785,814,376,1547712
1892,221,35,277,987,973,322170
1893,299,130,249,0,862,89141
1894,748,387,506,535,712,829440
1895,565,695,245,461,266,430780
1896,427,311,494,789,61,571473
1897,45,70,331,423,356,141898
1898,663,461,701,752,941,965799
1899,765,482,552,882,809,1071125
1900,67,861,220,610,394,136967
1901,910,874,901,913,905,1648965
1902,657,360,354,7,578,433407
1903,18,806,664,575,310,380512
1904,439,892,287,405,855,307172
1905,113,943,797,546,68,446045
1906,687,749,104,469,618,519247
1907,377,886,873,418,834,505271
1908,440,524,840,859,816,914112
1909,67,227,533,255,228,139950
1910,854,70,967,778,996,1481502
1911,185,179,686,706,175,518183
1912,129,989,877,132,399,130427
1913,206,865,930,141,316,171836
1914,594,182,836,740,721,971112
1915,914,475,332,978,221,1159142
1916,976,353,674,665,751,1400080
1917,203,516,300,469,39,180877
1918,46,427,111,292,208,33674
1919,23,112,177,465,963,82610
1920,290,950,429,74,508,113946
1921,721,430,590,211,265,643471
1922,417,607,751,174,763,303349
1923,433,558,289,535,242,340988
1924,829,264,206,350,662,758813
1925,533,287,734,574,319,704831
1926,565,257,295,928,255,592471
1927,264,568,365,707,518,326615
1928,910,279,840,234,40,1024102
1929,933,588,215,909,477,1064748
1930,163,185,747,739,603,578232
1931,452,650,412,716,281,497996
1932,164,667,199,889,247,202473
1933,627,52,500,964,370,875025
1934,804,617,637,163,396,749013
1935,938,899,665,870,702,1456596
1936,698,825,605,787,614,961689
1937,400,972,318,680,397,374296
1938,564,638,336,376,624,443156
1939,749,87,967,333,831,882838
1940,287,300,282,874,487,328237
1941,538,720,145,843,576,410239
1942,348,456,149,305,735,165637
1943,99,297,911,99,77,99396
1944,656,294,18,308,913,435292
1945,144,561,634,402,277,274482
1946,414,194,435,230,22,271058
1947,847,217,873,912,532,1513151
1948,856,823,686,38,480,757158
1949,869,350,633,205,816,884226
1950,742,765,777,638,219,1044760
1951,255,178,439,322,873,206027
1952,525,612,455,933,546,698916
1953,566,800,325,224,546,391556
1954,581,57,151,797,454,457794
1955,447,954,345,476,922,362121
1956,1,521,175,868,357,150859
1957,51,329,347,471,570,165380
1958,396,86,910,755,137,843694
1959,670,478,552,911,652,950816
1960,320,273,788,224,763,278366
1961,784,512,956,106,242,714968
1962,181,888,83,930,751,108175
1963,259,349,847,804,500,747371
1964,94,522,98,517,593,58458
1965,122,343,900,767,349,704498
1966,653,634,615,943,599,1005086
1967,779,382,538,676,963,969765
1968,186,788,901,513,165,495233
1969,812,247,594,129,508,735476
1970,661,706,71,730,459,487339
1971,882,510,446,503,786,1001242
1972,591,291,241,530,736,476429
1973,967,255,839,531,376,1380088
1974,994,920,759,379,80,1273857
1975,150,572,11,748,620,29584
1976,752,680,282,348,934,662280
1977,816,621,339,219,830,738855
1978,995,21,133,612,153,1071379
1979,944,585,829,769,929,1527467
1980,502,99,706,558,650,645754
1981,255,181,542,724,497,457071
1982,393,343,838,393,896,483097
1983,278,546,826,400,13,406592
1984,156,582,700,691,403,506872
1985,136,487,831,754,655,644096
1986,39,178,599,274,753,165291
1987,526,214,833,87,609,348719
1988,101,577,828,12,834,18983
1989,236,76,373,880,262,383784
1990,542,437,901,491,106,735281
1991,453,745,606,659,641,603073
1992,128,953,467,358,995,181664
1993,16,464,616,634,779,389872
1994,923,620,546,433,900,1087107
1995,604,455,142,930,928,495966
1996,643,923,446,420,760,598923
1997,109,622,949,811,493,780276
1998,543,717,537,331,835,471162
1999,376,216,189,582,623,250942
